pair_id,overall_pearson,overall_spearman,year_count,year_spearman_min,year_spearman_q25,year_spearman_median,year_spearman_q75,year_spearman_max,year_negative_count,security_total_count,security_eligible_count,security_insufficient_count,security_spearman_q10,security_spearman_q25,security_spearman_median,security_spearman_q75,security_spearman_q90,security_negative_count
A1_A2,0.3826621326934279,0.4157603824138265,11,0.3847963439520099,0.40812497446936463,0.4186128184762546,0.43140177379189176,0.453385415377094,0,800,795,5,0.3646924909967379,0.39959420441518717,0.43483441337991585,0.46626858249233993,0.49634058189397895,0
A1_A2b,0.6756652149540394,0.5922135852212188,11,0.5501283260032611,0.5684954993999165,0.5823295922440316,0.6002670287170113,0.6327198180238689,0,800,795,5,0.5028252054346428,0.5292297244403072,0.5557319872851179,0.5821124879677106,0.6065172148816529,0
A2_A2b,0.4308186054876955,0.531502574824943,11,0.49508159185865264,0.5195557687410337,0.5417538453535712,0.5579085779216558,0.5762135037813804,0,800,795,5,0.4815637001793438,0.524675171863629,0.5635522767046075,0.6042562344136511,0.6399741141428753,0
